IMAGE_LINKS, NAMES, DESCRIPTION, WIKI-LINK
https://m.media-amazon.com/images/M/MV5BMjAwMjk3NDUzN15BMl5BanBnXkFtZTcwNjI4MTY0NA@@._V1_UX140_CR00140209_AL_.jpg ,  Aamir Khan , Aamir is no doubt one of the most dedicated actors in this world. With his recent success in India and China markets combined he has got the title of World's Biggest Superstar , https://en.m.wikipedia.org/wiki/Aamir_Khan
https://m.media-amazon.com/images/M/MV5BODI4NDY1NzkyM15BMl5BanBnXkFtZTgwNzM3MDM0OTE@._V1_UY209_CR130140209_AL_.jpg ,  Akshay Kumar , Akshay Kumar born September 9 1967 is an actor. He studied martial arts in Hong Kong , https://en.m.wikipedia.org/wiki/Akshay_Kumar
https://m.media-amazon.com/images/M/MV5BMTY0MDY2MDMwOV5BMl5BanBnXkFtZTgwNDE4MDM0OTE@._V1_UY209_CR60140209_AL_.jpg ,  Ajay Devgn , Ajay Devgn is an Indian film actor director and producer. He made his film debut with Phool Aur Kaante in 1991 and received a Filmfare Award for Best Male Debut for his performance in the film , https://en.m.wikipedia.org/wiki/Ajay_Devgn
https://m.media-amazon.com/images/M/MV5BOWUzNjU3YTUtOGIyMi00MDk3LTk1NDMtMzY4MDZlNDFhNTFhXkEyXkFqcGdeQXVyMTExNDQ2MTI@._V1_UY209_CR730140209_AL_.jpg ,  Amjad Khan , Amjad Khan was born on November 12 1940 in Hyderabad Hyderabad State British India. He was an actor and director known for Sholay (1975) Yaarana (1981) and Maa Kasam (1985) , https://en.m.wikipedia.org/wiki/Amjad_Khan
https://m.media-amazon.com/images/M/MV5BNTk1OTUxMzIzMV5BMl5BanBnXkFtZTcwMzMxMjI0Nw@@._V1_UY209_CR60140209_AL_.jpg ,  Amitabh Bachchan , Son of well known poet Harivansh Rai Bachchan and Teji Bachchan. He has a brother named Ajitabh , https://en.m.wikipedia.org/wiki/Amitabh_Bachchan
https://m.media-amazon.com/images/M/MV5BNzZhNDQ1YzItNTVlOC00MmVmLTkzMjEtMDFmN2Q0MDU2YmQ3XkEyXkFqcGdeQXVyMTExNDQ2MTI@._V1_UY209_CR210140209_AL_.jpg ,  Amol Palekar , Amol Palekar was born on November 24 1944 in Bombay Bombay Presidency British India. He is an actor and director known for Kairee (1999) Bangarwadi (1995) and Gol Maal (1979) , https://en.m.wikipedia.org/wiki/Amol_Palekar
https://m.media-amazon.com/images/M/MV5BMTU2NzkzODA3OV5BMl5BanBnXkFtZTcwMzk2MDMyOA@@._V1_UX140_CR00140209_AL_.jpg ,  Abhay Deol , Abhay Deol (born in 1976 India) is an Indian film actor. He is the nephew of famous veteran actor Dharmendra and cousin of actors Sunny Deol and Bobby Deol and actress Esha Deol , https://en.m.wikipedia.org/wiki/Abhay_Deol
https://m.media-amazon.com/images/M/MV5BMjAxNDQyNDkxM15BMl5BanBnXkFtZTcwNTQyNTA0MQ@@._V1_UY209_CR870140209_AL_.jpg ,  Akshaye Khanna , Akshaye Khanna was born in Mumbai in 1975. He is the middle son of Bollywood actor and politician Vinod Khanna and the younger brother of actor Rahul Khanna , https://en.m.wikipedia.org/wiki/Akshaye_Khanna
https://m.media-amazon.com/images/M/MV5BNmMwOGYwMjUtN2M5My00ODIxLWI3ZjctODM2MGI4OGQzOWM0XkEyXkFqcGdeQXVyMTExNDQ2MTI@._V1_UY209_CR60140209_AL_.jpg ,  Arshad Warsi , Arshad Warsi was born in Mumbai India and did his schooling at a boarding school Barnes School Deolali in Nashik district Maharashtra. He was orphaned at the age of 14 and struggled for a living in Mumbai during his early days , https://en.m.wikipedia.org/wiki/Arshad_Warsi
https://m.media-amazon.com/images/M/MV5BZTkxYmU1NmUtNGE4Ni00OWNmLWE5YzktNTJiZTlmMTIyMTM5XkEyXkFqcGdeQXVyMTExNDQ2MTI@._V1_UY209_CR10140209_AL_.jpg ,  Anushka Shetty , Anushka Shetty is an Indian Film Actress. She was also a Yoga Instructor and has trained under yoga guru Bharat Thakur , https://en.m.wikipedia.org/wiki/Anushka_Shetty
https://m.media-amazon.com/images/M/MV5BY2E1ODI1MGUtYWY1ZS00ZDdlLTg0ZDctNWU1NmJhM2UxYzU5XkEyXkFqcGdeQXVyMjkxNzQ1NDI@._V1_UY209_CR00140209_AL_.jpg ,  Atul Kulkarni , Atul Kulkarni was born on September 10 1965 in Karnataka India. He is an actor known for Rang De Basanti (2006) Hey Ram (2000) and Page 3 (2005) , https://en.m.wikipedia.org/wiki/Atul_Kulkarni
https://m.media-amazon.com/images/M/MV5BMjEyNDQ4MzUzNF5BMl5BanBnXkFtZTgwNjY3OTczOTE@._V1_UX140_CR00140209_AL_.jpg ,  Asrani , Asrani was born in a middle class Sindhi family. His father migrated to Jaipur after the Partition of India and opened a shop selling carpets , https://en.m.wikipedia.org/wiki/Asrani
https://m.media-amazon.com/images/M/MV5BOTk4MDY4ODAwNl5BMl5BanBnXkFtZTcwNzQ0MjY2Nw@@._V1_UY209_CR870140209_AL_.jpg ,  Ayushmann Khurrana , Ayushmann Khurrana was born on 14 September 1984 in Chandigarh India. Ayushmann started off his career as a popular radio jockey and eventually became a VJ on MTV India and one of the most popular hosts in India , https://en.m.wikipedia.org/wiki/Ayushmann_Khurrana
https://m.media-amazon.com/images/M/MV5BYWIzYjZkZTAtNDM0MS00YjBiLWJlMjItZDY1YTJhNjMxNTExXkEyXkFqcGdeQXVyNDUzOTQ5MjY@._V1_UX140_CR00140209_AL_.jpg ,  Aruna Irani , Aruna Irani made her debut in the movie Gunga Jumna (1961) at nine years old playing Azra's character. After doing several small roles in films like Jahanara (1964) Farz (1967) Upkar (1967) and Aaya Sawan Jhoomke (1969) , https://en.m.wikipedia.org/wiki/Aruna_Irani
https://m.media-amazon.com/images/M/MV5BMjE4MjAxODk1NV5BMl5BanBnXkFtZTcwODQ0MjY2Nw@@._V1_UY209_CR870140209_AL_.jpg ,  Annu Kapoor , Annu Kapoor made his debut in the film Mandi directed by Shyam Benegal in 1983. His career has spanned nearly 30 years including a distinctive presence in Bollywood cinema television serials and reality game shows , https://en.m.wikipedia.org/wiki/Annu_Kapoor
https://m.media-amazon.com/images/M/MV5BMzk5Mzc5Y2YtYjJjYy00OGIyLTg4MzctZTMxNDBiYzY2MTcxXkEyXkFqcGdeQXVyNjc0MTQwOTc@._V1_UY209_CR1160140209_AL_.jpg ,  Ashish Vidyarthi , Ashish Vidyarthi was born on June 19 1962 in Tellicherry Kerala India. He is an actor known for 24 (2013) Haider (2014) and Pokiri (2006) , https://en.m.wikipedia.org/wiki/Ashish_Vidyarthi
https://m.media-amazon.com/images/M/MV5BMjMyMjc1OTgzNF5BMl5BanBnXkFtZTgwMDY1NDMzOTE@._V1_UY209_CR30140209_AL_.jpg ,  Anupam Kher , Anupam Kher was born on March 7 1955 in Shimla Himachal Pradesh India. He is an actor and producer known for Silver Linings Playbook (2012) A Wednesday (2008) and M , https://en.m.wikipedia.org/wiki/Anupam_Kher
https://m.media-amazon.com/images/M/MV5BMjUyMWE5MjUtMDlkMC00ODc0LThkOTgtNjZhNDgyMTU5ZDhlXkEyXkFqcGdeQXVyMTExNDQ2MTI@._V1_UX140_CR00140209_AL_.jpg ,  Anil Kapoor , Living in a Chawl in Tilak Nagar Punjabi-speaking Anil was born in 1959 to Surinder and Nirmal aka Suchitra Kapoor. He has an elder brother Boney a sister Reena and a younger brother Sanjay , https://en.m.wikipedia.org/wiki/Anil_Kapoor
https://m.media-amazon.com/images/M/MV5BYWRlMTk2NWYtYjhjNy00NmRjLTg4NWMtMmM2YjJlN2YwNWE4XkEyXkFqcGdeQXVyMTExNDQ2MTI@._V1_UY209_CR80140209_AL_.jpg ,  Amrish Puri , Believe it or not Amrish Puri wanted to become a Bollywood movie hero but failed a screen test in 1954. And what a failure it was , https://en.m.wikipedia.org/wiki/Amrish_Puri
https://m.media-amazon.com/images/M/MV5BZmNhMWQyOGYtYmZkMy00ZjdjLWE4N2QtYjc0NzEyZjViZWQzXkEyXkFqcGdeQXVyMTExNDQ2MTI@._V1_UY209_CR110140209_AL_.jpg ,  Amole Gupte , Amole Gupte is an Indian screenwriter actor and director known for his work on Bollywood films like Taare Zameen Par (Like Stars on Earth) Stanley ka dabba Kaminey and others. He is also an actor in Bheja Fry 2 (2011) stanley Ka Dabba (2011)Urumi (2011) Phas gaye re obama (2010) and Kaminey , https://en.m.wikipedia.org/wiki/Amole_Gupte
https://m.media-amazon.com/images/M/MV5BNTc4ZjFlMjUtODU3MS00M2JhLTlkMzEtMmIyODFiMjAwZmJhXkEyXkFqcGdeQXVyNTE0MDc0NTM@._V1_UY209_CR620140209_AL_.jpg ,  Boman Irani , Boman Irani was born on December 2 1959 in Bombay State of Bombay India. He is an actor known for 3 Idiots (2009) Munna Bhai M , https://en.m.wikipedia.org/wiki/Boman_Irani
https://m.media-amazon.com/images/M/MV5BZDgwMGMzMWUtMmQ1Yi00NjM0LTlkMDgtMTk5MmFkMWJhNDY1XkEyXkFqcGdeQXVyMTExNDQ2MTI@._V1_UY209_CR100140209_AL_.jpg ,  Balraj Sahni , Balraj Sahni was born on May 1 1913 in Rawalpindi Punjab British India. He was an actor known for Baazi (1951) Kabuliwala (1961) and Bhabhi (1957) , https://en.m.wikipedia.org/wiki/Balraj_Sahni
https://m.media-amazon.com/images/G/01/imdb/images/nopicture/medium/name-2135195744._CB466677935_.png ,  Binnu Dhillon , Binnu Dhillon is an actor and producer known for Dev. D (2009) Vadhayiyaan Ji Vadhayiyaan (2018) and Chhevan Dariya (The Sixth River) (2010) , https://en.m.wikipedia.org/wiki/Binnu_Dhillon
https://m.media-amazon.com/images/M/MV5BODIwNGY2OGItN2I4Ny00Y2ExLWEzZmQtMTI0M2IxMWQxYTU5XkEyXkFqcGdeQXVyNDUzOTQ5MjY@._V1_UY209_CR20140209_AL_.jpg ,  Bharat Bhushan , Bharat Bhushan was born on June 14 1920 in Meerut United Provinces of Agra and Oudh British India. He was an actor known for Gateway of India (1957) Mirza Ghalib (1954) and Shri Chaitanya Mahaprabhu (1954) , https://en.m.wikipedia.org/wiki/Bharat_Bhushan
https://m.media-amazon.com/images/M/MV5BOGQ4MTc3MWYtNmUxNi00Nzk3LWFjMDItM2Y1NmVmMDEyNWIxXkEyXkFqcGdeQXVyMTExNDQ2MTI@._V1_UY209_CR30140209_AL_.jpg ,  Chiranjeevi , This Telugu Star was a student at the Madras Film Institute and an amateur stage actor. His first public performance was in the Republic Day parade ballet of Andra Pradesh on 26 January 1976 , https://en.m.wikipedia.org/wiki/Chiranjeevi
https://m.media-amazon.com/images/M/MV5BMTk5NjI3MTEwNF5BMl5BanBnXkFtZTgwMzU2MTMzOTE@._V1_UX140_CR00140209_AL_.jpg ,  Chunky Pandey , Chunky Pandey was born in Bombay India on September 26 1962 in a non-film household. Chunky's real name is Suyash Sharad Pandey but is also known as Chandrakant Pandey , https://en.m.wikipedia.org/wiki/Chunky_Pandey
https://m.media-amazon.com/images/M/MV5BMzI4Njg3OTcyNF5BMl5BanBnXkFtZTcwNzQzMTYxOA@@._V1_UY209_CR110140209_AL_.jpg ,  Danny Denzongpa , Danny who married Gawa Denzongpa a Sikkimese princess and niece of the last chogyal from her hometown of Gangtok currently resides in Juhu in Mumbai. He likes to listen to Nepali folk music especially Nepali flutes , https://en.m.wikipedia.org/wiki/Danny_Denzongpa
https://m.media-amazon.com/images/M/MV5BMjYyYzViMmYtMjU4Yi00NGM3LWFjZTEtZmFkOGFmOTllY2I2XkEyXkFqcGdeQXVyMTExNDQ2MTI@._V1_UY209_CR40140209_AL_.jpg ,  Darsheel Safary , Born in the same city and on the same month as his family friend Aamir Khan Darsheel Safary (born March 9 1997 in Mumbai India) is an Indian child movie actor primarily working on starring in Hindi Bollywood films. He is best known for his acclaimed portrayal of a dyslexic child in the 2007 film , https://en.m.wikipedia.org/wiki/Darsheel_Safary
https://m.media-amazon.com/images/M/MV5BNmIwYzhiNjUtYmY3NS00YjdhLTlkM2UtZDJhZDJiNDkzNDI5XkEyXkFqcGdeQXVyNDY2Nzg2NQ@@._V1_UY209_CR340140209_AL_.jpg ,  Deepak Tijori , Deepak Tijori was born on August 28 1961 in Bombay Maharashtra India. He is an actor and director known for Fox (2009) Do Lafzon Ki Kahani (2016) and Tipsy (2020) , https://en.m.wikipedia.org/wiki/Deepak_Tijori
https://m.media-amazon.com/images/M/MV5BMTk0ODU5NjAzMl5BMl5BanBnXkFtZTcwNDYyOTM5NA@@._V1_UY209_CR870140209_AL_.jpg ,  Dharmendra , Dharmendra is one of the biggest stars of Indian cinema. Dharmendra Deol played the romantic hero in woman centric films from 1960-1968 and became romantic hero from 1968-69 and played the role of action hero from 1971-1997 , https://en.m.wikipedia.org/wiki/Dharmendra
https://m.media-amazon.com/images/M/MV5BNGFlYzAyYjgtNzRjNS00NmE4LTliOGYtYzBkYzU5MzRhMDM0XkEyXkFqcGdeQXVyMTExNDQ2MTI@._V1_UX140_CR00140209_AL_.jpg ,  Deepika Padukone , Deepika Padukone born 5 January 1986 in Copenhagen Denmark is an Indian model & Actress. She is the daughter of former badminton Champion Prakash Padukone , https://en.m.wikipedia.org/wiki/Deepika_Padukone
https://m.media-amazon.com/images/M/MV5BNTc4MTE1NDU5MF5BMl5BanBnXkFtZTcwNDI2MTcxOA@@._V1_UY209_CR810140209_AL_.jpg ,  Dimple Kapadia , Born in a Gujerati-speaking family on June 8 1957 daughter to businessman Chunnibhai and Betty Dimple has a younger sister Simple who was born on 15 August 1958. She was discovered by Raj Kapoor who signed her up opposite his son Rishi in the 1973 hit 'Bobby' , https://en.m.wikipedia.org/wiki/Dimple_Kapadia
https://m.media-amazon.com/images/M/MV5BMTk5MDI0OTQzOF5BMl5BanBnXkFtZTcwMTgwMzEzMQ@@._V1_UY209_CR690140209_AL_.jpg ,  Dev Anand , After having played the Lead Actor for more than five decades in over 110 motion pictures Dev Anand continues to bestride Indian Cinema today. He has given a new dimension to that magical state known as Stardom , https://en.m.wikipedia.org/wiki/Dev_Anand
https://m.media-amazon.com/images/M/MV5BYjhjNWM1MmUtM2M3My00MWZmLWE5NDYtNTI5YTM3MWQwNGVhXkEyXkFqcGdeQXVyNDUzOTQ5MjY@._V1_UX140_CR00140209_AL_.jpg ,  Deepti Naval , Deepti Naval is an Indian film actor director writer painter and photographer. A multi-faceted personality her major contribution has been in the area of art cinema winning critical acclaim for her sensitive and close to life characters that emphasized the changing role of women in India , https://en.m.wikipedia.org/wiki/Deepti_Naval
https://m.media-amazon.com/images/M/MV5BMzg0NTM0MjYxN15BMl5BanBnXkFtZTcwMzY1NTAzMQ@@._V1_UY209_CR680140209_AL_.jpg ,  Dilip Kumar , Dilip Kumar is considered to be one of the greatest actors of Indian cinema. Starting his career in 1944 he has starred in some of the biggest commercially successful films in the period 1949-1961 , https://en.m.wikipedia.org/wiki/Dilip_Kumar
https://m.media-amazon.com/images/M/MV5BNzY3ODZmNDctZDA0ZC00NGNmLTgzZmItM2JhMTI4MzM3NTU2XkEyXkFqcGdeQXVyMTExNDQ2MTI@._V1_UY209_CR00140209_AL_.jpg ,  Farooq Shaikh , Farooq Sheikh was an Indian actor philanthropist and a television presenter. He was known for his work in Hindi films from 1977 to 1989 , https://en.m.wikipedia.org/wiki/Farooq_Shaikh
https://m.media-amazon.com/images/M/MV5BMjA4MjYwNzAzM15BMl5BanBnXkFtZTcwMzUyMTUxNw@@._V1_UX140_CR00140209_AL_.jpg ,  Farhan Akhtar , An accomplished and award-winning producer-director-writer-actor-singer Farhan Akhtar is the ultimate Bollywood multi-hyphenate. Born in 1974 to prolific Indian film writer and poet Javed Akhtar and writer-director Honey Irani  Farhan was raised in an environment where creativity and , https://en.m.wikipedia.org/wiki/Farhan_Akhtar
https://m.media-amazon.com/images/M/MV5BN2NjODM2NDItYTU0Ni00MzJmLWJkZTYtMjQ3ZDZjZmNjY2NhXkEyXkFqcGdeQXVyMTExNDQ2MTI@._V1_UY209_CR80140209_AL_.jpg ,  Feroz Khan , Firoz was born in Bangalore on September 25 1939 to a Pathan father Sadiq and an Iranian mother Fatima. He has three brothers Abbas alias Sanjay Akbar and Sameer , https://en.m.wikipedia.org/wiki/Feroz_Khan
https://m.media-amazon.com/images/M/MV5BZGE2OTUzZDEtZWQ2Ny00YTQ0LWEyYmItYmRiYjMxNTFiYzYwXkEyXkFqcGdeQXVyNDUzOTQ5MjY@._V1_UX140_CR00140209_AL_.jpg ,  Farida Jalal ," Farida Jalal was discovered by Filmfare's United Producers' Talent Hunt in the 1960s. She starred in her first movie as a teenager in the Rajshri Productions' ""TAQDEER' in 1967 ", https://en.m.wikipedia.org/wiki/Farida_Jalal
https://m.media-amazon.com/images/M/MV5BMjA0Mzg2NjEwN15BMl5BanBnXkFtZTgwODQ1NDQzNzE@._V1_UY209_CR690140209_AL_.jpg ,  Guru Dutt , Considered to be a man ahead of his time Guru Dutt was one of the greatest icons of commercial Indian cinema. Although he made less than fifty films they are believed to be the best to come from Bollywood's Golden Age known both for their ability to reach out to the common man and for their , https://en.m.wikipedia.org/wiki/Guru_Dutt
https://m.media-amazon.com/images/M/MV5BNzEwNDgwMTk3Nl5BMl5BanBnXkFtZTgwNjMwOTU4MDI@._V1_UY209_CR140140209_AL_.jpg ,  Govinda , Govinda was born on December 21 1963. Govinda has acted in over 120 films since his debut in 1986 , https://en.m.wikipedia.org/wiki/Govinda
https://m.media-amazon.com/images/M/MV5BM2FmZGY4NDctMzczOC00MTg3LWExZDUtYWU5NTNkMTA4YzZhXkEyXkFqcGdeQXVyODI0MDE3OQ@@._V1_UX140_CR00140209_AL_.jpg ,  Gulshan Grover , Gulshan Grover was born raised and educated in Delhi India. After receiving his master's degree in Commerce from Shri Ram College of Commerce he decided to pursue his passion and made a lifelong commitment to entertainment industry , https://en.m.wikipedia.org/wiki/Gulshan_Grover
https://m.media-amazon.com/images/M/MV5BODJhZWQ3NGEtZDFmYS00YTc3LTllMzctZGFlM2U0NjliYTczXkEyXkFqcGdeQXVyMTExNDQ2MTI@._V1_UY209_CR60140209_AL_.jpg ,  Gurpreet Ghuggi , Gurpreet Ghuggi was born as Gurpreet Singh. He is known for his work on Race (2008) Singh Is Kinng (2008) and Nalaik (2005) , https://en.m.wikipedia.org/wiki/Gurpreet_Ghuggi
https://m.media-amazon.com/images/M/MV5BMTkyNDk3MjEzN15BMl5BanBnXkFtZTYwOTQyODEz._V1_UY209_CR160140209_AL_.jpg ,  Girish Karnad , Girish Karnad was born on 19th May 1938 in Matheran Maharashtra. He is acclaimed for his contemporary playwrights in Kannada , https://en.m.wikipedia.org/wiki/Girish_Karnad
https://m.media-amazon.com/images/M/MV5BZjYwYjE4YjQtMTFmMi00NTlhLThjZjUtZTIyMTczMGU2ZDE5XkEyXkFqcGdeQXVyNzM2NzM0NDU@._V1_UX140_CR00140209_AL_.jpg ,  Hrithik Roshan , Hrithik Roshan is an Indian actor born on 10th January 1974 well known globally for his versatile roles unmatchable dancing skills and attractive looks. After having appeared in films as a child actor in the 1980s Roshan made his film debut in a leading role in Kaho Naa , https://en.m.wikipedia.org/wiki/Hrithik_Roshan
https://m.media-amazon.com/images/M/MV5BMTEwMTkyMDY3OTheQTJeQWpwZ15BbWU4MDE1MjEyMzkx._V1_UX140_CR00140209_AL_.jpg ,  Huma Qureshi , Huma Qureshi born and raised in Delhi. Her father is a famous restaurant owner called Saleem's a chain of some 10 restaurants in Delhi , https://en.m.wikipedia.org/wiki/Huma_Qureshi
https://m.media-amazon.com/images/M/MV5BNTlkNmU1N2YtZGI2OC00YjkwLWIxM2MtNTZkMmJkYTQ4YWE1XkEyXkFqcGdeQXVyMjQwMDg0Ng@@._V1_UY209_CR100140209_AL_.jpg ,  Inaamulhaq , An alumnus of National School of Drama Inaamulhaq was born on Nov 14 1979 in Saharanpur-Uttar Pradesh. He first appeared on stage at the age of twelve , https://en.m.wikipedia.org/wiki/Inaamulhaq
https://m.media-amazon.com/images/M/MV5BNDg3NDgxNzY4NF5BMl5BanBnXkFtZTcwODMxODQzMg@@._V1_UY209_CR80140209_AL_.jpg ,  Irrfan Khan , Born Sahabzade Irfan Ali Khan in Jaipur Rajasthan (NW India) January 7 1967 to a Pashto speaking Muslim family. Khan's mother Begum Khan was from the Tonk Hakim family and his father Jagirdar Khan from the Khajuriya village near the Tonk district ran a tire business , https://en.m.wikipedia.org/wiki/Irrfan_Khan
https://m.media-amazon.com/images/M/MV5BYzczOGViODMtMWY1Yi00ZTAwLTkzZjItYzlmMzU0NmM5YjBmXkEyXkFqcGdeQXVyMjYwMDk5NjE@._V1_UY209_CR160140209_AL_.jpg ,  Jackie Shroff ," Jaikishen was born in the Gujarati-speaking Shroff family on February 1 1957. His dad's name is Kakubhai his brother's is Hemant and they live in Bandra Bombay in a bungalow named 'Le Pepeyon"" ", https://en.m.wikipedia.org/wiki/Jackie_Shroff
https://m.media-amazon.com/images/M/MV5BMjM2MTc1NTk5OF5BMl5BanBnXkFtZTgwOTI4NDczMDE@._V1_UY209_CR860140209_AL_.jpg ,  Jimmy Sheirgill , Shergill was born in a Sikh family in Gorakhpur Uttar Pradesh. He moved to Punjab the place of his ancestors in 1985 where he studied in Yadavindra Public School Patiala and Bikram College Patiala , https://en.m.wikipedia.org/wiki/Jimmy_Sheirgill
https://m.media-amazon.com/images/M/MV5BYThkMTY3NDktMDBiNy00NWFhLWIyOWEtNGRkNDRiMGJjMjZiXkEyXkFqcGdeQXVyMTExNDQ2MTI@._V1_UY209_CR50140209_AL_.jpg ,  Jeetendra , Ravi Kapoor was born in a business family that dealt with imitation Jewelery and used to live in a chawl. While supplying jewelry to V , https://en.m.wikipedia.org/wiki/Jeetendra
https://m.media-amazon.com/images/M/MV5BZGQzZDgxNGMtZTdjYy00NzI3LThlOGItNjdmOTc5ZjQwYjcwXkEyXkFqcGdeQXVyNDAzNDk0MTQ@._V1_UY209_CR120140209_AL_.jpg ,  Jaspal Bhatti , Jaspal Bhatti the most popular social satirist in India graduated from Punjab Engineering College Chandigarh in North India as an electrical engineer. He was famous for his street plays like his My Nonsense Club during his college days , https://en.m.wikipedia.org/wiki/Jaspal_Bhatti
https://m.media-amazon.com/images/M/MV5BMjMyMTQzMjk1MV5BMl5BanBnXkFtZTgwMDg5MTMzOTE@._V1_UX140_CR00140209_AL_.jpg ,  Johnny Lever , Johnny Lever born in Andhra Pradesh and was brought up in Mumbai's King's Circle area (Dharavi). His mother tongue is Telugu , https://en.m.wikipedia.org/wiki/Johnny_Lever
https://m.media-amazon.com/images/M/MV5BYmUxNTY0MWItODQ2My00YWMyLWFmODgtNTY1MTQ2ZjEwYzdlXkEyXkFqcGdeQXVyMjYwMDk5NjE@._V1_UY209_CR130140209_AL_.jpg ,  Kamal Haasan ," Kamal Haasan was born November 7 1954 in Paramakudi Tamil Nadu. He debuted as a child artiste in the film ""Kalathoor Kannamma"" (1960) which was released in the year 1960 ", https://en.m.wikipedia.org/wiki/Kamal_Haasan
https://m.media-amazon.com/images/M/MV5BMTA2NTg0ODA1ODJeQTJeQWpwZ15BbWU4MDM0NDkxNTMy._V1_UY209_CR40140209_AL_.jpg ,  Kangana Ranaut , Kangana was born on 20 March 1987 in Bhambla near Manali which is in the Mandi district of Himachal Pradesh. Her dad's name is Amardeep who is a businessman and contractor her mom Asha is a school-teacher , https://en.m.wikipedia.org/wiki/Kangana_Ranaut
https://m.media-amazon.com/images/M/MV5BMTU1NjUxNDYwNV5BMl5BanBnXkFtZTgwOTU3MDM0OTE@._V1_UY209_CR30140209_AL_.jpg ,  Konkona Sen Sharma , Konkona Sen Sharma is an awarding winning actress and the daughter of the celebrated actress and director Aparna Sen. Konkona is regarded as one of the most respected actresses in Bollywood with her memorable performances right from Mr , https://en.m.wikipedia.org/wiki/Konkona_Sen_Sharma
https://m.media-amazon.com/images/M/MV5BNWYzY2QzNzUtYmVlYy00MmZjLTgxYjEtNjQyOWI5MzZkMDk4XkEyXkFqcGdeQXVyMTExNDQ2MTI@._V1_UY209_CR80140209_AL_.jpg ,  Kader Khan , Kader Khan was born on December 11 1937 in Pishin Balochistan British India. He was an actor and writer known for Taqdeerwala (1995) Naseeb (1981) and Angaar (1992) , https://en.m.wikipedia.org/wiki/Kader_Khan
https://m.media-amazon.com/images/M/MV5BMTY4MjgwODk4MF5BMl5BanBnXkFtZTgwNzAxNzE0MjE@._V1_UY209_CR870140209_AL_.jpg ,  Kay Kay Menon , Kay Kay Menon was born on October 2 1966 in Kerala India as Krishna Kumar Menon. He is an actor known for Haider (2014) Black Friday (2004) and Gulaal (2009) , https://en.m.wikipedia.org/wiki/Kay_Kay_Menon
https://m.media-amazon.com/images/M/MV5BMjIwMjQ5MTQ4N15BMl5BanBnXkFtZTgwOTIyMDU0OTE@._V1_UY209_CR40140209_AL_.jpg ,  Kajol , Kajol was born on August 5 1974 in Bombay Maharashtra India as Kajol Mukherjee. She is an actress known for Kuch Kuch Hota Hai (1998) My Name Is Khan (2010) and Fanaa (2006) , https://en.m.wikipedia.org/wiki/Kajol
https://m.media-amazon.com/images/M/MV5BMTQ2ODU1NDM0MF5BMl5BanBnXkFtZTcwNjIzNTE3Mw@@._V1_UY209_CR720140209_AL_.jpg ,  Kulbhushan Kharbanda , Kulbhushan Kharbanda was born on October 21 1944 in Hasan Abdal Punjab British India. He is an actor known for Lagaan: Once Upon a Time in India (2001) Haider (2014) and Hera Pheri (2000) , https://en.m.wikipedia.org/wiki/Kulbhushan_Kharbanda
https://m.media-amazon.com/images/M/MV5BNzI4NDQyMjU2MF5BMl5BanBnXkFtZTgwMzc4ODEzOTE@._V1_UX140_CR00140209_AL_.jpg ,  Kalki Koechlin , Kalki Koechlin was born to French parents in a small village in Pondicherry. Her parents had come to India as hippies in the 1970s and settled there after they fell in love with the country , https://en.m.wikipedia.org/wiki/Kalki_Koechlin
https://m.media-amazon.com/images/M/MV5BMjE5NzI3NjE1Ml5BMl5BanBnXkFtZTgwNTMxMjMzOTE@._V1_UY209_CR870140209_AL_.jpg ,  Kapil Sharma , Kapil Sharma is an Indian stand-up comedian TV anchor and singer. He was selected among top 100 celebrities in 2013 Forbes India magazines and he was ranked 96th in that list , https://en.m.wikipedia.org/wiki/Kapil_Sharma
https://m.media-amazon.com/images/M/MV5BMTg1MzAzMDg0OV5BMl5BanBnXkFtZTgwMjYzMTI1NTE@._V1_UY209_CR740140209_AL_.jpg ,  Karuna Bannerjee , Karuna Bannerjee was born on December 25 1919 in Calcutta Bengal Presidency British India. She was an actress known for Aparajito (1956) Pather Panchali (1955) and Mahakavi Kalidas (1942) , https://en.m.wikipedia.org/wiki/Karuna_Bannerjee
https://m.media-amazon.com/images/M/MV5BZGRkNmZiYjItYTk5Yy00ODU1LThkNjAtYWQ4OGZjYTMxMDcwXkEyXkFqcGdeQXVyMTExNDQ2MTI@._V1_UY209_CR40140209_AL_.jpg ,  Kanwaljit Singh , Kanwaljit Singh is an actor known for 15 Park Avenue (2005) Bang Bang (2014) and Saans (1999). He is married to Anuradha Patel , https://en.m.wikipedia.org/wiki/Kanwaljit_Singh
https://m.media-amazon.com/images/M/MV5BNDk2OTk5NjYwNl5BMl5BanBnXkFtZTcwMzMyMDQ4Mg@@._V1_UY209_CR880140209_AL_.jpg ,  Lara Dutta , It is not a secret that Lara Dutta is a beauty with brains. This was demonstrated when she scored the highest possible marks in the history of the Miss Universe Contest , https://en.m.wikipedia.org/wiki/Lara_Dutta
https://m.media-amazon.com/images/M/MV5BNWY2N2E4Y2EtOGI2NS00YjkxLTgwMDAtNGU4MTZjN2RiZjAwXkEyXkFqcGdeQXVyMTExNDQ2MTI@._V1_UY209_CR10140209_AL_.jpg ,  Manjot Singh , Manjot Singh is an Indian born actor whose portrayal of young Lucky in Oye Lucky. Lucky Oye , https://en.m.wikipedia.org/wiki/Manjot_Singh
https://m.media-amazon.com/images/M/MV5BMmY4YzA5Y2UtYmI2Yi00MzNmLWJmZjQtYTY3YWYyYzBjYWQ3XkEyXkFqcGdeQXVyOTAyMDgxODQ@._V1_UY209_CR1150140209_AL_.jpg ,  Manu Rishi Chadha , Manu Rishi Chadha one of the finest artists in our industry was born and raised in Delhi. His only dream was to become an actor and hence to hone his skills he quit college to pursue theatre , https://en.m.wikipedia.org/wiki/Manu_Rishi_Chadha
https://m.media-amazon.com/images/M/MV5BMzI0OWZlOTQtNGJiNS00YzVhLWE1MGQtZGY3ZWUwYWJiOTZiXkEyXkFqcGdeQXVyMTExNDQ2MTI@._V1_UY209_CR140140209_AL_.jpg ,  Mehmood , Mehmood was born on September 29 1932 in Bombay Bombay Presidency British India. He is known for his work on Bombay to Goa (1972) Do Phool (1974) and Main Sunder Hoon (1971) , https://en.m.wikipedia.org/wiki/Mehmood
https://m.media-amazon.com/images/M/MV5BMjAxNzA0MzkzNl5BMl5BanBnXkFtZTcwNjMyOTM0MQ@@._V1_UY209_CR890140209_AL_.jpg ,  Mukesh Tiwari , Mukesh Tiwari was born on August 24 1969 in Sagar Madhya Pradesh India. He is an actor known for Dilwale (2015) Gangaajal (2003) and Yehi Hai Zindagi (2005) , https://en.m.wikipedia.org/wiki/Mukesh_Tiwari
https://m.media-amazon.com/images/M/MV5BOTFjOGIwMmUtY2FlMS00ZWJlLThhOWItY2RmY2JmYTc0YTk5XkEyXkFqcGdeQXVyMjYwMDk5NjE@._V1_UX140_CR00140209_AL_.jpg ,  Mammootty , Malayalam film actor Mammootty was born to Ismail (an agriculturist) and Fatima (a homemaker). He had two younger brothers Ibrahim and Zakariah; and three sisters Ameena Sauda and Shafina , https://en.m.wikipedia.org/wiki/Mammootty
https://m.media-amazon.com/images/M/MV5BNDcyOGU3ODctZjZiZi00OWY1LWEzYjktOTIxNTUwMTAyODMzXkEyXkFqcGdeQXVyMjkxNzQ1NDI@._V1_UY209_CR00140209_AL_.jpg ,  Makrand Deshpande , Makrand Deshpande was born on July 3 1958 in India. He is an actor and writer known for Hanan (2004) Danav (2003) and Company (2002) , https://en.m.wikipedia.org/wiki/Makrand_Deshpande
https://m.media-amazon.com/images/M/MV5BZjQ4NWIwYzYtOTYwZC00ZDI4LWFmYWEtZjhmNTE3ODVhYzJkXkEyXkFqcGdeQXVyOTc1MzM5MA@@._V1_UY209_CR80140209_AL_.jpg ,  Madhavan , Madhavan was born on June 1 1970 in a Tamil-speaking family. At the age of 18 his college entrusted him with the responsibility of representing India as a Cultural Ambassador to Canada , https://en.m.wikipedia.org/wiki/Madhavan
https://m.media-amazon.com/images/M/MV5BYjFjZGRjMWYtZTA5MS00OTZkLWI1MjctNDQ2NmQzMWM1NzRhXkEyXkFqcGdeQXVyMjkxNzQ1NDI@._V1_UY209_CR00140209_AL_.jpg ,  Mohanlal , Mohanlal was born to Viswanathan Nair (father) and Santhakumari (mother) in Pathanamthitta district of Kerala in the southern part of India on 21st May 1960. Starting his career with a classic villain role he has now become an outstanding actor of Malayalam Cinema in Kerala , https://en.m.wikipedia.org/wiki/Mohanlal
https://m.media-amazon.com/images/M/MV5BNGQ4YjkyMzMtM2E4OS00YmMzLWEyY2YtYjY0ZmUzYmEzNzFiXkEyXkFqcGdeQXVyNDUzOTQ5MjY@._V1_UY209_CR130140209_AL_.jpg ,  Mita Vasisht , Mita Vashisht is an Indian television film and theater actress who graduated from National School of Drama New Delhi in 1987. She was born in Pune Maharashtra India to Rajeshwar Dutt Vasisht a retired Colonel in the Indian Army and Meenakshi Mehta Vasisht a teacher and musician , https://en.m.wikipedia.org/wiki/Mita_Vasisht
https://m.media-amazon.com/images/M/MV5BMzUxODk5MmEtZGQxOC00NzUxLWI5YTEtYWFjMjZmZTIwNTA5XkEyXkFqcGdeQXVyMTExNDQ2MTI@._V1_UY209_CR80140209_AL_.jpg ,  Manoj Bajpayee , Manoj Bajpayee was born on April 23 1969 in Belwa Bihar India. He is known for his work on Gangs of Wasseypur (2012) Satya (1998) and Aks (2001) , https://en.m.wikipedia.org/wiki/Manoj_Bajpayee
https://m.media-amazon.com/images/M/MV5BMDdmMDUzMGUtNjBiYy00ZDdiLTlhZWItYmE3MjNjNGViM2U0XkEyXkFqcGdeQXVyMTExNDQ2MTI@._V1_UY209_CR20140209_AL_.jpg ,  Manoj Joshi , Manoj Joshi is an India film and television actor. Joshi began his career in Marathi theatre also putting up performances in Gujarati and Hindi theatre , https://en.m.wikipedia.org/wiki/Manoj_Joshi
https://m.media-amazon.com/images/M/MV5BNTk0OTFkZGItYTQxMi00YTUwLTlkMGEtMTIyZDNlNDc0MzRlXkEyXkFqcGdeQXVyMTgzNTY5OTc@._V1_UY209_CR340140209_AL_.jpg ,  Madhuri Dixit , Madhuri Dixit is one of the most acclaimed actors and Kathak dancers Bollywood have ever witnessed. Born in a Marathi Brahmin Koknastha family to Mr , https://en.m.wikipedia.org/wiki/Madhuri_Dixit
https://m.media-amazon.com/images/M/MV5BZWRlMmFiZWUtYWY3Ni00NDkwLWFlZmQtOWE2NjI2MDUzYTczXkEyXkFqcGdeQXVyMTExNDQ2MTI@._V1_UY209_CR40140209_AL_.jpg ,  Mohnish Bahl , Mohnish Bahl was born on February 14 1963 in Bombay Maharashtra India. He is known for his work on Hum Aapke Hain Koun , https://en.m.wikipedia.org/wiki/Mohnish_Bahl
https://m.media-amazon.com/images/M/MV5BMjQwNDUxMzY4Ml5BMl5BanBnXkFtZTgwMTgxMTIzOTE@._V1_UY209_CR60140209_AL_.jpg ,  Mithun Chakraborty , Mithun Chakraborty was born on June 16 1947 in Barisal Bengal Presidency British India as Gouranga Chakraborti. He is an actor known for OMG: Oh My God , https://en.m.wikipedia.org/wiki/Mithun_Chakraborty
https://m.media-amazon.com/images/M/MV5BMTYwNTk2MTk4MF5BMl5BanBnXkFtZTgwODQ1ODA0OTE@._V1_UY209_CR900140209_AL_.jpg ,  Mukesh Khanna , Mukesh Khanna was born on July 19 1958 in Bombay State of Bombay India. He is an actor and producer known for Mahabharat (1988) Hera Pheri (2000) and Shaktimaan (1997) , https://en.m.wikipedia.org/wiki/Mukesh_Khanna
https://m.media-amazon.com/images/M/MV5BODhjYmUzZTctNWY3Yy00ZDBmLTk0NzEtMzg3YzlhYzA0NGI2XkEyXkFqcGdeQXVyMTExNDQ2MTI@._V1_UY209_CR60140209_AL_.jpg ,  Mukul Dev , Mukul Dev was born on November 30 1970 in Delhi India. He is an actor and writer known for 21 Sarfarosh Saragarhi 1897 (2018) Omerta (2017) and Ssshhhh , https://en.m.wikipedia.org/wiki/Mukul_Dev
https://m.media-amazon.com/images/M/MV5BMTI4MTAzMzc2MV5BMl5BanBnXkFtZTcwMDkyNDAzMQ@@._V1_UY209_CR110140209_AL_.jpg ,  Madhubala , Arguably the most beautiful artiste to ever grace the Indian screen Madhubala rose from humble beginnings to become the most captivating star India has ever produced. Madhubala was born Mumtaz Jehan Begum on Valentine's Day 1933 in a poor conservative family of Pathan Muslims in Delhi a part of , https://en.m.wikipedia.org/wiki/Madhubala
https://m.media-amazon.com/images/M/MV5BMTM2NjQ1Nzg2N15BMl5BanBnXkFtZTcwNDkyNjAzMQ@@._V1_UY209_CR10140209_AL_.jpg ,  Meena Kumari , Born 1933 into a poor Parsee theatre family of Ali Bux and dancer Iqbal begum in Bombay Maharashtra India. Entered films to support family in difficult times , https://en.m.wikipedia.org/wiki/Meena_Kumari
https://m.media-amazon.com/images/M/MV5BMWUyNzlkMDEtMGY4My00M2QwLWEzYjktMzk1YjliNDhiYzc5XkEyXkFqcGdeQXVyNDUzOTQ5MjY@._V1_UY209_CR60140209_AL_.jpg ,  Mala Sinha , Mala Sinha was born on November 11 1936 in Calcutta Bengal Presidency British India as Alda Sinha. She is known for her work on Jahan Ara (1964) Himalay Ki Godmein (1965) and Pyaasa (1957) , https://en.m.wikipedia.org/wiki/Mala_Sinha
https://m.media-amazon.com/images/M/MV5BMzUxNTM4MzQ4N15BMl5BanBnXkFtZTgwMjY1ODA0OTE@._V1_UY209_CR340140209_AL_.jpg ,  Manoj Kumar , Manoj Kumar was born on July 24 1937 in Abbottabad North-West Frontier Province British India as Harikishen Giri Goswami. He is an actor and writer known for Roti Kapada Aur Makaan (1974) Upkar (1967) and Shor (1972) , https://en.m.wikipedia.org/wiki/Manoj_Kumar
https://m.media-amazon.com/images/M/MV5BMjA3Njc5NjcwOF5BMl5BanBnXkFtZTcwMTgyOTY0OA@@._V1_UY209_CR870140209_AL_.jpg ,  Nassar , Nassar is one of the most acclaimed actors in India. He is the current president of South Indian Actors Association , https://en.m.wikipedia.org/wiki/Nassar
https://m.media-amazon.com/images/M/MV5BMTQ4MDcyOTExOV5BMl5BanBnXkFtZTgwOTQyMDU0OTE@._V1_UY209_CR120140209_AL_.jpg ,  Naseeruddin Shah , Naseeruddin Shah was born on July 20 1950 in Barabanki Uttar Pradesh India. He is an actor known for The League of Extraordinary Gentlemen (2003) A Wednesday (2008) and Jaane Bhi Do Yaaro (1983) , https://en.m.wikipedia.org/wiki/Naseeruddin_Shah
https://m.media-amazon.com/images/M/MV5BMTA2NzUwMTAxMDBeQTJeQWpwZ15BbWU4MDQ0MTEyNTEx._V1_UY209_CR00140209_AL_.jpg ,  Nandita Das , Nandita Das was born on November 7 1969 in Delhi India. She is known for her work on Firaaq (2008) Bawandar (2000) and Kannathil Muthamittal (2002) , https://en.m.wikipedia.org/wiki/Nandita_Das
https://m.media-amazon.com/images/M/MV5BMDE5ZTgzN2QtODQzMi00NzYxLWI3ZmMtMzAxNWM0OGM1YjM0XkEyXkFqcGdeQXVyNzc4NzEwNTc@._V1_UY209_CR820140209_AL_.jpg ,  Nagarjuna Akkineni , Nagarjuna did his schooling at Hyderabad Public School and later went to Little Flower Junior College to do his intermediate. After that he went on to do mechanical engineering at the University of Michigan Ann Arbor MI and later got a masters degree in automobile engineering at San Jose State , https://en.m.wikipedia.org/wiki/Nagarjuna_Akkineni
https://m.media-amazon.com/images/M/MV5BMjI4MzQyODYwOF5BMl5BanBnXkFtZTgwMTcxMTIzOTE@._V1_UY209_CR870140209_AL_.jpg ,  Nana Patekar , Vishwanath Patekar (born on January 1 1951 in Murud-Janjira Maharashtra India) is an actor writer and filmmaker. He is known for his work on Ab Tak Chhappan (2004) Raajneeti (2010) and Parinda (1989) , https://en.m.wikipedia.org/wiki/Nana_Patekar
https://m.media-amazon.com/images/M/MV5BMTU5NTQwMTI0NV5BMl5BanBnXkFtZTcwNzQyNTgxOA@@._V1_UX140_CR00140209_AL_.jpg ,  Nawazuddin Siddiqui , Nawazuddin Siddiqui (born 1974) also known as Nowaz is an Indian film actor who has appeared in some of Bollywood's major films including Black Friday (2004) New York (2009) Peepli Live (2010) Kahani (2012) Gangs of Wasseypur (2012) and Gangs of Wasseypur - Part 2 (2012). Early life and , https://en.m.wikipedia.org/wiki/Nawazuddin_Siddiqui
https://m.media-amazon.com/images/M/MV5BMTY1NzE0ODkzNl5BMl5BanBnXkFtZTcwMDQ2OTAzMQ@@._V1_UY209_CR50140209_AL_.jpg ,  Nargis , She was born on June 1 1929 as Fatima Rashid in Rawalpindi British India daughter to Jaddanbai and Uttamchand Mohanchand a former Hindu Mohyal Brahmin who converted to Islam as Abdul Rashid. Her mother was a well-known dancer singer actor composer and director , https://en.m.wikipedia.org/wiki/Nargis
https://m.media-amazon.com/images/M/MV5BNGYxMTdjY2MtMDkzYS00ZGJlLTljZTgtYjlhZGVhYTNhMTE3XkEyXkFqcGdeQXVyNDUzOTQ5MjY@._V1_UY209_CR70140209_AL_.jpg ,  Nirupa Roy , Kokila was born on January 4 1931 in Valsad Gujarat India in the Gujarati-speaking Balsara family. She was married to Kamal Roy at a very young age and shortly thereafter in 1946 both husband and wife decided to make a career on the silver screen , https://en.m.wikipedia.org/wiki/Nirupa_Roy
https://m.media-amazon.com/images/M/MV5BMTM0MDI4NDIzOV5BMl5BanBnXkFtZTcwNDY1NTAzMQ@@._V1_UY209_CR70140209_AL_.jpg ,  Nutan , Nutan Samarth was born on June 4 1936 to poet Kumarsen Samarth and his actress wife 'Shobhana' as the eldest of their four children (a younger sister is the actress Tanuja). Her parents separated when she was a small child , https://en.m.wikipedia.org/wiki/Nutan
https://m.media-amazon.com/images/M/MV5BZTJlZWZiMmUtNTQ0MS00NzliLWI3YjAtNzhiNjVhNWQ2MDExXkEyXkFqcGdeQXVyMTExNDQ2MTI@._V1_UY209_CR10140209_AL_.jpg ,  Neeraj Kabi , Neeraj is a multiple award winning film and theater actor best known for his powerful performances in Ship of Theseus and Talvar. He won the Best Actor Awards at the Sakhalin International Film Festival in 2014 and the NBC Newsmakers Achievers' Awards in 2015 , https://en.m.wikipedia.org/wiki/Neeraj_Kabi
https://m.media-amazon.com/images/M/MV5BNzY5NWIxMDItMzZkNi00YzNiLTkyMWQtZDJlNzEwODA2MDNkXkEyXkFqcGdeQXVyMTExNDQ2MTI@._V1_UY209_CR50140209_AL_.jpg ,  Navin Nischol , Navin Nischol was born on March 18 1946 in Lahore Punjab British India. He was an actor known for Zorro (1975) Khosla Ka Ghosla , https://en.m.wikipedia.org/wiki/Navin_Nischol
https://m.media-amazon.com/images/M/MV5BMTc4MjA5ODY4NF5BMl5BanBnXkFtZTcwNjUyMDUxMQ@@._V1_UY209_CR60140209_AL_.jpg ,  Om Puri , Om Puri was an Indian actor who has appeared in both mainstream Indian films and art films. His credits also include appearances in British and American films , https://en.m.wikipedia.org/wiki/Om_Puri
https://m.media-amazon.com/images/M/MV5BMWE3OTM3ODMtZGIzZC00YjU3LWIyZmItOGYxNDA3Mzg4NTk3XkEyXkFqcGdeQXVyMTExNDQ2MTI@._V1_UY209_CR130140209_AL_.jpg ,  Om Prakash , Om Prakash was born on December 19 1919 in Lahore Punjab British India as Om Prakash Bakshi. He was an actor and director known for Dus Lakh (1966) Namak Halaal (1982) and Pyar Kiye Jaa (1966) , https://en.m.wikipedia.org/wiki/Om_Prakash
https://m.media-amazon.com/images/M/MV5BMTQ1MDc2Mjc2OF5BMl5BanBnXkFtZTcwMTc1MDU4OQ@@._V1_UY209_CR60140209_AL_.jpg ,  Pran , Pran was one of the leading character actors of Indian cinema. He was born on 12 February1920 at Delhi , https://en.m.wikipedia.org/wiki/Pran
https://m.media-amazon.com/images/M/MV5BMjI4Mjg2MjgxMV5BMl5BanBnXkFtZTgwNDYyMTIzOTE@._V1_UY209_CR880140209_AL_.jpg ,  Paresh Rawal , Paresh Rawal was born on May 30 1950 in Bombay State of Bombay India. He is a producer and actor known for Hera Pheri (2000) OMG: Oh My God , https://en.m.wikipedia.org/wiki/Paresh_Rawal
https://m.media-amazon.com/images/M/MV5BMjAxNzUwNjExOV5BMl5BanBnXkFtZTcwNDUyMTUxNw@@._V1_UY209_CR700140209_AL_.jpg ,  Priyanka Chopra , Priyanka Chopra Jonas (née Chopra) was born on July 18 1982 in Jamshedpur India to the family of Capt. Dr , https://en.m.wikipedia.org/wiki/Priyanka_Chopra
https://m.media-amazon.com/images/M/MV5BMjQ2MjA4NjU0MF5BMl5BanBnXkFtZTgwMTgwMDMzOTE@._V1_UX140_CR00140209_AL_.jpg ,  Prakash Raj , Prakash Raj was born on March 26 1965 in Bangalore Mysore State India as Prakash Rai. He is an actor and producer known for Anniyan (2005) Kalki (1996) and Un Samayal Arayil (2014) , https://en.m.wikipedia.org/wiki/Prakash_Raj
https://m.media-amazon.com/images/M/MV5BMjliZmI3YmMtYWU1NS00MjVlLTkxZTQtYjIzYzFkNWNjOTZkXkEyXkFqcGdeQXVyMjYwMDk5NjE@._V1_UX140_CR00140209_AL_.jpg ,  Prabhas , Prabhas was born to late U. Suryanarayana Raju and Siva Kumari , https://en.m.wikipedia.org/wiki/Prabhas
https://m.media-amazon.com/images/M/MV5BZTY2NjI0ZjYtMDM2My00ZjE1LWFiNmQtYWI3OGY2NDgwNTE3XkEyXkFqcGdeQXVyMTExNDQ2MTI@._V1_UY209_CR30140209_AL_.jpg ,  Pankaj Kapur , Pankaj Kapur the acclaimed film television and stage actor signified the young crop of great actors of which Om Puri Naseeruddin Shah and Ifran Khan formed a part. Unlike his other counterparts Kapur hasn't broken the vow to work only in good Art and Independent projects , https://en.m.wikipedia.org/wiki/Pankaj_Kapur
https://m.media-amazon.com/images/M/MV5BMTY4MzAyODE3NV5BMl5BanBnXkFtZTcwMjM3Mjc4OQ@@._V1_UX140_CR00140209_AL_.jpg ,  Prabhu Deva , Prabhu Deva was born as Prabhu Sundaram. He is known for his work on Lakshya (2004) Wanted (2009) and Dabangg 3 (2019) , https://en.m.wikipedia.org/wiki/Prabhu_Deva
https://m.media-amazon.com/images/M/MV5BM2U2OTEzM2UtMjhlNC00NTYxLWI5MDItM2RjYzNhYmNhYWFmXkEyXkFqcGdeQXVyMTExNDQ2MTI@._V1_UY209_CR60140209_AL_.jpg ,  Prem Chopra , Prem Chopra is an actor in Hindi and Punjabi films. Prem Chopra was born to a Hindu Punjabi family in Lahore on 23 September 1935 to Ranbirlal and Rooprani Chopra , https://en.m.wikipedia.org/wiki/Prem_Chopra
https://m.media-amazon.com/images/M/MV5BNTkxOTIwNzYxMl5BMl5BanBnXkFtZTgwMDE5OTczOTE@._V1_UX140_CR00140209_AL_.jpg ,  Pooja Bhatt , Pooja was born on February 24 1972 in the Gujarati-speaking Bhatt family. Her dad's name is Mahesh and her mom's maiden name was Loraine Bright , https://en.m.wikipedia.org/wiki/Pooja_Bhatt
https://m.media-amazon.com/images/M/MV5BNDlkYzllMDktZDk5OC00NWM5LTgzM2ItMmYxYTM4ZmMwODQ4XkEyXkFqcGdeQXVyMTExNDQ2MTI@._V1_UY209_CR90140209_AL_.jpg ,  Pavan Malhotra , Pavan Malhotra was born on July 2 1958 in Delhi India. He is an actor known for Bhaag milkha bhaag (2013) Don (2006) and Black Friday (2004) , https://en.m.wikipedia.org/wiki/Pavan_Malhotra
https://m.media-amazon.com/images/M/MV5BMDc5MGFlZTMtMmQ1Zi00YjkxLWE3ZGItZGNkNTExYjJhNGFhXkEyXkFqcGdeQXVyMTExNDQ2MTI@._V1_UY209_CR90140209_AL_.jpg ,  Piyush Mishra , Piyush Mishra is an Indian film actor music director lyricist singer script and dialogue writer and a well known theatre director and Hindi playwright. He spent his early life in Gwalior where he received his education , https://en.m.wikipedia.org/wiki/Piyush_Mishra
https://m.media-amazon.com/images/M/MV5BZjQxMTRhNzktZmM4OS00ZmZlLTkxYzYtMmI1ZWMzNTFmMTdkXkEyXkFqcGdeQXVyMTExNDQ2MTI@._V1_UY209_CR130140209_AL_.jpg ,  Rahul Dev , Rahul Dev was born as Rahul Dev Kaushal. He is an actor known for Champion (2000) Footpath (2003) and Asoka (2001) , https://en.m.wikipedia.org/wiki/Rahul_Dev
https://m.media-amazon.com/images/M/MV5BMjE2MjY2ODY4N15BMl5BanBnXkFtZTgwNDcwMTE0OTE@._V1_UX140_CR00140209_AL_.jpg ,  Rahul Bose , Rahul Bose was born on July 27 1967 in India. He is an actor and writer known for Everybody Says I'm Fine , https://en.m.wikipedia.org/wiki/Rahul_Bose
https://m.media-amazon.com/images/M/MV5BNjU2MDU4NzI5OF5BMl5BanBnXkFtZTcwNjQ4Njg5Nw@@._V1_UX140_CR00140209_AL_.jpg ,  Rekha , Bhanurekha was born in the Tamil-speaking Ganesan household on October 10 1954. Her dad was the popular Tamil actor Gemini while her mom was a popular Telugu actress Pushpavalli , https://en.m.wikipedia.org/wiki/Rekha
https://m.media-amazon.com/images/M/MV5BMjQwMzc5NDQ0NF5BMl5BanBnXkFtZTgwNDg1ODA0OTE@._V1_UY209_CR00140209_AL_.jpg ,  Ratna Pathak Shah , Ratna Pathak Shah was born on March 18 1963 in Bombay Maharashtra India. She is an actress known for Jaane Tu , https://en.m.wikipedia.org/wiki/Ratna_Pathak_Shah
https://m.media-amazon.com/images/M/MV5BMTYwY2Y5ZWUtOGMxZC00ZDZlLWEzNGUtYmJkMGU3YTNhNWE3XkEyXkFqcGdeQXVyMTExNDQ2MTI@._V1_UY209_CR170140209_AL_.jpg ,  Rajendra Kumar , Rajendra was born in the Punjabi-speaking Tuli family on July 12 1929 in Sialkot British India (now located in Pakistan). After the turbulent years of partition at the age of 21 Rajendra got his first break in 'Jogan' during 1950 , https://en.m.wikipedia.org/wiki/Rajendra_Kumar
https://m.media-amazon.com/images/M/MV5BNDBlM2ZiZmEtYzYyMC00ZWNlLTkxMzQtOGFlMzgxZDg5NjdhXkEyXkFqcGdeQXVyMTExNDQ2MTI@._V1_UY209_CR120140209_AL_.jpg ,  Rajat Kapoor , Rajat Kapoor was born on February 11 1961 in New Delhi India. He is an actor and director known for Raghu Romeo (2003) Ankhon Dekhi (2013) and Bheja Fry (2007) , https://en.m.wikipedia.org/wiki/Rajat_Kapoor
https://m.media-amazon.com/images/M/MV5BMTk2ODU5Mjk2MV5BMl5BanBnXkFtZTcwODEzNDg3OA@@._V1_UX140_CR00140209_AL_.jpg ,  Ranbir Kapoor , Son of Rishi Kapoor and Neetu Singh; nephew of actors Randhir Kapoor Rajiv Kapoor Kunal Kapoor. Grandnephew of actors Shashi Kapoor Jennifer Kendal Shammi Kapoor Geeta Bali; cousin of actresses Kareena Kapoor Karisma Kapoor , https://en.m.wikipedia.org/wiki/Ranbir_Kapoor
https://m.media-amazon.com/images/M/MV5BNTIzOWZhMjctNTBkMi00YTc0LThhOGYtMDFlZmI4ZmNkZTZiXkEyXkFqcGdeQXVyMTExNDQ2MTI@._V1_UY209_CR30140209_AL_.jpg ,  Raghuvir Yadav , Raghuvir Yadav was born on June 25 1957 in Jabalpur Madhya Pradesh India. He is known for his work on Dil Se , https://en.m.wikipedia.org/wiki/Raghuvir_Yadav
https://m.media-amazon.com/images/M/MV5BMzAxNWIzOWItMDM1NC00NGMyLWIwMDEtNWZjODEyOTFiZjQ4XkEyXkFqcGdeQXVyNjY1MTg4Mzc@._V1_UX140_CR00140209_AL_.jpg ,  Rajkummar Rao , Raj Kumar is also known as Rajkummar Rao. He was born in Gurgaon , https://en.m.wikipedia.org/wiki/Rajkummar_Rao
https://m.media-amazon.com/images/M/MV5BZjc4NTAwMmQtMWQyMS00NGU4LWEzNmYtZTMyODJhOGZjMGRiXkEyXkFqcGdeQXVyNDUzOTQ5MjY@._V1_UX140_CR00140209_AL_.jpg ,  Revathy , Revathy was born on July 8 1966 in Kochi Kerala India as Asha Kelunni. She is an actress and director known for Thevar Magan (1992) Kizhakku Vasal (1990) and Man Vasanai (1983) , https://en.m.wikipedia.org/wiki/Revathy
https://m.media-amazon.com/images/M/MV5BZjNlMTdhYjYtODI0My00OTA2LTlkM2QtMGU5N2RhNWVlMWVjXkEyXkFqcGdeQXVyMTExNDQ2MTI@._V1_UY209_CR80140209_AL_.jpg ,  Raaj Kumar , Raaj Kumar was born on October 8 1926 in Loralai Baluchistan British India as Kulbhushan Pandit. He is known for his work on Kaajal (1965) Waqt (1965) and Dil Ek Mandir (1963) , https://en.m.wikipedia.org/wiki/Raaj_Kumar
https://m.media-amazon.com/images/M/MV5BZThmMmJlZGQtZDgyMy00YmIyLTk1NDQtMGQ0N2EzYzUxMWNiXkEyXkFqcGdeQXVyMjYwMDk5NjE@._V1_UY209_CR00140209_AL_.jpg ,  Ramya Krishnan , Ramya Krishnan was born on September 15 1970 in Madras Tamil Nadu India. She is an actress known for Bãhubali: The Beginning (2015) Baahubali 2: The Conclusion (2017) and Padaiyappa (1999) , https://en.m.wikipedia.org/wiki/Ramya_Krishnan
https://m.media-amazon.com/images/M/MV5BMTA3MDcyNzkxMjZeQTJeQWpwZ15BbWU3MDUxMTU4Njg@._V1_UY209_CR10140209_AL_.jpg ,  Rajinikanth , Rajinikanth has been a megastar in the Tamil movie industry since the 70s. He is one of the highest earning actors in Asia , https://en.m.wikipedia.org/wiki/Rajinikanth
https://m.media-amazon.com/images/M/MV5BMjI4MjI2MTEwOV5BMl5BanBnXkFtZTgwMzkxMDU0OTE@._V1_UX140_CR00140209_AL_.jpg ,  Rani Mukerji ," Mukerji comes from a film-oriented family of Bengali origin. Her father Ram Mukherjee is a retired director and one of the founders of ""Filmalaya Studios"" ", https://en.m.wikipedia.org/wiki/Rani_Mukerji
https://m.media-amazon.com/images/M/MV5BMTExOTcwMDU4NTReQTJeQWpwZ15BbWU3MDA0MjE1MTc@._V1_UY209_CR10140209_AL_.jpg ,  Ranveer Singh , Ranveer Singh is an Indian actor working in Bollywood. Born in Mumbai India Ranveer Singh had always wanted to be an actor since his childhood , https://en.m.wikipedia.org/wiki/Ranveer_Singh
https://m.media-amazon.com/images/M/MV5BMjJmNjM1YmUtNTA2Zi00Y2U0LTgyZTItMjQ5MTE4NWJhMDgyXkEyXkFqcGdeQXVyMTExNDQ2MTI@._V1_UY209_CR100140209_AL_.jpg ,  Rishi Kapoor , Born in south Mumbai Kapoor is the second son of film director and actor Raj Kapoor. He did his schooling with his brothers at Campion SchoolMumbai , https://en.m.wikipedia.org/wiki/Rishi_Kapoor
https://m.media-amazon.com/images/M/MV5BMTQ1OTE5NDEwNV5BMl5BanBnXkFtZTcwNjgzMTcxOA@@._V1_UY209_CR20140209_AL_.jpg ,  Rajesh Khanna , Rajesh Khanna the first superstar of Indian and Hindi Cinema with 74 Golden Jubilee Hits - (which includes 48 Platinum Jubilee hits and 26 Golden Jubilee Hits) & in addition had 22 Silver Jubilee Hits and 9 average hits was born on 29 December 1942 in Amritsar Punjab India. Rajesh entered Hindi , https://en.m.wikipedia.org/wiki/Rajesh_Khanna
https://m.media-amazon.com/images/M/MV5BZjM0NmMyZTYtYmY3My00NDFkLTk1YTAtOGE3YTVjMGMyNzQ5XkEyXkFqcGdeQXVyMjYwMDk5NjE@._V1_UX140_CR00140209_AL_.jpg ,  Raghuvaran , Raghuvaran was born on December 10 1958 in Kollankod Palakkad Kerala India as Raghuvaran Velayutham Nair. He was an actor known for Mudhalvan (1999) Amarkalam (1999) and Anaganaga Oka Roju (1997) , https://en.m.wikipedia.org/wiki/Raghuvaran
https://m.media-amazon.com/images/M/MV5BMTQ1MjEwMjM3MF5BMl5BanBnXkFtZTgwNjM4NDczMDE@._V1_UX140_CR00140209_AL_.jpg ,  Raj Babbar , Raj Babbar was born on June 23 1952 in Tundla Uttar Pradesh India. He is an actor known for Pukaar (2014) Aaj Ki Awaz (1984) and Umrao Jaan (1981) , https://en.m.wikipedia.org/wiki/Raj_Babbar
https://m.media-amazon.com/images/M/MV5BNjYwODQzMjk3Ml5BMl5BanBnXkFtZTYwNzIxMjky._V1_UY209_CR90140209_AL_.jpg ,  Raj Kapoor , Raj Kapoor was the son of well-known Indian actor Prithviraj Kapoor who acted both in film and on stage. After apprenticing in the Bollywood production studios of the 1940's at 24 years of age Raj Kapoor produced directed and acted in Aag (1948) with his new company RK Films , https://en.m.wikipedia.org/wiki/Raj_Kapoor
https://m.media-amazon.com/images/M/MV5BZDhlNDEwMjgtMWY5NC00MGEyLThhODEtZjAyYzIyMmU1ZDUxXkEyXkFqcGdeQXVyMTExNDQ2MTI@._V1_UY209_CR90140209_AL_.jpg ,  Rajit Kapoor , Rajit Kapoor was born on May 22 1960 in Amritsar Punjab India. He is an actor and director known for The Making of the Mahatma (1996) Uri: The Surgical Strike (2019) and Suraj Ka Satvan Ghoda (1992) , https://en.m.wikipedia.org/wiki/Rajit_Kapoor
https://m.media-amazon.com/images/M/MV5BZmQ0NjY5YmItMTAwOC00MWVlLThkZTgtYmZhMDg1ZjY2ODMwXkEyXkFqcGdeQXVyNjM5MTI3ODQ@._V1_UX140_CR00140209_AL_.jpg ,  Radhika Apte , Radhika Apte is a well-known Indian theatre and film actress born in Vellore and brought up in Pune. Before endeavoring into films she began with theatre , https://en.m.wikipedia.org/wiki/Radhika_Apte
https://m.media-amazon.com/images/M/MV5BMDVlNTM4YTUtNjA2My00OWQ0LThjYzAtYmU0ZGQ0NGE3YjQ1XkEyXkFqcGdeQXVyNDUzOTQ5MjY@._V1_UX140_CR00140209_AL_.jpg ,  Rakhee Gulzar , Rakhee was born in a Bengali-speaking family in West Bengal on India's Independence Day - 15th August 1947. She has no connections with anyone in the film industry in India , https://en.m.wikipedia.org/wiki/Rakhee_Gulzar
https://m.media-amazon.com/images/M/MV5BMTU3NDM3NDM3Ml5BMl5BanBnXkFtZTgwMzk4ODEzOTE@._V1_UY209_CR80140209_AL_.jpg ,  Riteish Deshmukh , Riteish Deshmukh is an Indian actor producer and architect who appears in Bollywood films. He is the son of Late , https://en.m.wikipedia.org/wiki/Riteish_Deshmukh
https://m.media-amazon.com/images/M/MV5BMTIzOTE5MzMyMl5BMl5BanBnXkFtZTcwMjAyNzAyMg@@._V1_UY209_CR870140209_AL_.jpg ,  Ranvir Shorey , Ranvir comes from a family of movie professionals. His father is Writer Producer and Director KD Shorey and He has 2 older Brothers Lokesh Shorey an actor and Shrinath Shorey a movie Writer and Director , https://en.m.wikipedia.org/wiki/Ranvir_Shorey
https://m.media-amazon.com/images/M/MV5BOTQ3MzVkNjUtODYwNi00N2Q2LTg3YTAtNDUxM2JiNDViN2IyXkEyXkFqcGdeQXVyNDUzOTQ5MjY@._V1_UY209_CR130140209_AL_.jpg ,  Richa Chadha , Richa began her career as a model and then she moved to theater. She has performed plays touring in India and Pakistan , https://en.m.wikipedia.org/wiki/Richa_Chadha
https://m.media-amazon.com/images/M/MV5BMTQ3MTI4MzUyNl5BMl5BanBnXkFtZTgwMjAzMTMzOTE@._V1_UY209_CR00140209_AL_.jpg ,  Rajpal Yadav , Rajpal Yadav was born on March 16 1971 in Shahjahanpur Uttar Pradesh India. He is an actor and writer known for Kal ho naa ho (2003) Jungle (2000) and Main Meri Patni , https://en.m.wikipedia.org/wiki/Rajpal_Yadav
https://m.media-amazon.com/images/M/MV5BZjc5MTYwYjEtZmJiMC00YzA3LThiZGYtMWY2NjE2ZDNmYWFjXkEyXkFqcGdeQXVyNDUzOTQ5MjY@._V1_UY209_CR80140209_AL_.jpg ,  Raju Srivastava , Raju Srivastav (born Satyaprakash Srivastava) often credited as Raju Shrivastav or Raju Srivastava is an Indian comedian and more popularly an observational comedian. He is known most for his acute scrutiny and comical timing about various Indian aspects of life , https://en.m.wikipedia.org/wiki/Raju_Srivastava
https://m.media-amazon.com/images/M/MV5BMjk4NjkxNTkxMl5BMl5BanBnXkFtZTgwMzUwNDA3NDE@._V1_UY209_CR340140209_AL_.jpg ,  Randeep Hooda , Randeep Hooda was born in a small village called Daseya in the Rohtak district of Haryana. His mother Asha Hooda is a BJP politician and his father is a surgeon by profession , https://en.m.wikipedia.org/wiki/Randeep_Hooda
https://m.media-amazon.com/images/M/MV5BMTQ1NTE0NDgxMl5BMl5BanBnXkFtZTYwNzMyODEz._V1_UY209_CR190140209_AL_.jpg ,  Shabana Azmi ," One of the leading lights of the now-largely-defunct Indian New Wave Shabana Azmi (alongside the late Smita Patil) was one of the main female actors who dominated the films of the so-called ""Parallel Cinema"" in India in the 1970s and 1980s. Born to noted Urdu progressive poet and lyricist Kaifi ", https://en.m.wikipedia.org/wiki/Shabana_Azmi
https://m.media-amazon.com/images/M/MV5BMTY2MDE1MTQ2N15BMl5BanBnXkFtZTgwNTk2OTczOTE@._V1_UX140_CR00140209_AL_.jpg ,  Shakti Kapoor , Shakti Kapoor is one of the most comic actors to grace the Bollywood screen. Since the start of his career he has done more than 300 films , https://en.m.wikipedia.org/wiki/Shakti_Kapoor
https://m.media-amazon.com/images/M/MV5BMTUyNjI2NTg3M15BMl5BanBnXkFtZTcwNDEzNDg3OA@@._V1_UX140_CR00140209_AL_.jpg ,  Saif Ali Khan , Saif is the son of Bollywood actress Sharmila Tagore and Indian cricketer Mansoor Ali Khan. Both his grandfather Iftikhar Ali Khan Pataudi and father were professional cricketers , https://en.m.wikipedia.org/wiki/Saif_Ali_Khan
https://m.media-amazon.com/images/M/MV5BZDk1ZmU0NGYtMzQ2Yi00N2NjLTkyNWEtZWE2NTU4NTJiZGUzXkEyXkFqcGdeQXVyMTExNDQ2MTI@._V1_UY209_CR30140209_AL_.jpg ,  Shah Rukh Khan , Shahrukh Khan was born on 2 November 1965 in New Delhi India. He married Gauri Khan on 25 October 1991 , https://en.m.wikipedia.org/wiki/Shah_Rukh_Khan
https://m.media-amazon.com/images/M/MV5BNzM0OTA3MDAxN15BMl5BanBnXkFtZTgwMzg2OTczOTE@._V1_UX140_CR00140209_AL_.jpg ,  Sunil Dutt , Actor social activist and politician. Sunil Dutt wore many hats and excelled in a plethora of roles that came his way - both on and off screen , https://en.m.wikipedia.org/wiki/Sunil_Dutt
https://m.media-amazon.com/images/M/MV5BYWE5MWNkYWQtZTZjZS00N2U0LTgzNzMtNzZkMzJmMWYzZWNkXkEyXkFqcGdeQXVyMTExNDQ2MTI@._V1_UY209_CR30140209_AL_.jpg ,  Sharman Joshi , Sharman Joshi was born on April 28 1979 in Bombay Maharashtra India. He is an actor known for 3 Idiots (2009) Rang De Basanti (2006) and Golmaal: Fun Unlimited (2006) , https://en.m.wikipedia.org/wiki/Sharman_Joshi
https://m.media-amazon.com/images/M/MV5BNTcyNDUwNzEzNl5BMl5BanBnXkFtZTgwOTMxMjMzOTE@._V1_UY209_CR360140209_AL_.jpg ,  Shashi Kapoor , Shashi Kapoor is one of the leading actors of Indian cinema having appeared in 160 movies - 12 in English and 148 in Hindi. He has appeared in 148 Hindi films - of them played the solo lead hero in 61 films was lead hero in 53 released multi star cast Hindi films 2 unreleased multi star film and , https://en.m.wikipedia.org/wiki/Shashi_Kapoor
https://m.media-amazon.com/images/M/MV5BMTU3MTUyMjI4OF5BMl5BanBnXkFtZTgwNDgxNzE4MDE@._V1_UY209_CR20140209_AL_.jpg ,  Smita Patil , Smita Patil was born on October 17 1955 in Pune State of Bombay India. She was an actress known for Bhumika (1977) Aaj Ki Awaz (1984) and Mirch Masala (1987) , https://en.m.wikipedia.org/wiki/Smita_Patil
https://m.media-amazon.com/images/M/MV5BYzI0NGU4NDQtMjZiZS00Mjc2LTk3Y2ItY2NhYmYwOTEyZjQyXkEyXkFqcGdeQXVyNDUzOTQ5MjY@._V1_UY209_CR340140209_AL_.jpg ,  Surekha Sikri , Surekha Sikri was born on April 19 1945 in New Delhi British India. She is an actress known for Badhaai ho (2018) Balika Vadhu (2008) and Dev , https://en.m.wikipedia.org/wiki/Surekha_Sikri
https://m.media-amazon.com/images/M/MV5BYWE5MWNkYWQtZTZjZS00N2U0LTgzNzMtNzZkMzJmMWYzZWNkXkEyXkFqcGdeQXVyMTExNDQ2MTI@._V1_UY209_CR30140209_AL_.jpg ,  Sharman Joshi , Sharman Joshi was born on April 28 1979 in Bombay Maharashtra India. He is an actor known for 3 Idiots (2009) Rang De Basanti (2006) and Golmaal: Fun Unlimited (2006) , https://en.m.wikipedia.org/wiki/Sharman_Joshi
https://m.media-amazon.com/images/M/MV5BMTcxODc3NzkxOF5BMl5BanBnXkFtZTgwMzUwOTU3MTE@._V1_UY209_CR870140209_AL_.jpg ,  Shashank Arora , Born Shashank Sunny Arora in New Delhi India on February 21 1989 Shashank Arora was interested in music and theatre from a young age. After finishing high school in early 2006 he left for Montreal Canada to study cinema and music , https://en.m.wikipedia.org/wiki/Shashank_Arora
https://m.media-amazon.com/images/M/MV5BMjZhOTQzNTEtNGY4NS00ZmQxLThkMDEtM2M4NDVjMjc0MWNlXkEyXkFqcGdeQXVyMTExNDQ2MTI@._V1_UY209_CR120140209_AL_.jpg ,  Shreyas Talpade , Shreyas Talpade was born on January 27 1976 in Bombay Maharashtra India. He is an actor and director known for Om Shanti Om (2007) Iqbal (2005) and Dor (2006) , https://en.m.wikipedia.org/wiki/Shreyas_Talpade
https://m.media-amazon.com/images/M/MV5BMTczMTgyOTkyOV5BMl5BanBnXkFtZTYwNTQ1MDA0._V1_UY209_CR10140209_AL_.jpg ,  Seema Biswas , Seema Biswas was born on January 14 1965 in Nalbari Assam India. She is an actress known for Bandit Queen (1994) Water (2005) and Company (2002) , https://en.m.wikipedia.org/wiki/Seema_Biswas
https://m.media-amazon.com/images/M/MV5BOThiMjlmYzYtNmQ3NC00YzUyLWE4MmUtMjEzMWQxNjMyZmVlXkEyXkFqcGdeQXVyMTExNDQ2MTI@._V1_UY209_CR70140209_AL_.jpg ,  Sachin Khedekar , Sachin Khedekar was born on March 14 1965 in Mumbai Maharahstra India. He is known for his work on 13B: Fear Has a New Address (2009) Netaji Subhas Chandra Bose: The Forgotten Hero (2005) and Maattrraan (2012) , https://en.m.wikipedia.org/wiki/Sachin_Khedekar
https://m.media-amazon.com/images/M/MV5BMjEwOTA2MjMwMl5BMl5BanBnXkFtZTcwODc3MDgxOA@@._V1_UY209_CR30140209_AL_.jpg ,  Sunny Deol , Ajay Singh Deol popularly known as Sunny Deol was born to actor Dharmendra and Prakash Kaur. Sunny began acting with super hit film Betaab (1983) which was a love story also featuring another new comer Amrita Singh; this film was a major success and then he goes on making films which portrayed him , https://en.m.wikipedia.org/wiki/Sunny_Deol
https://m.media-amazon.com/images/M/MV5BMjI5Mjk4NDc3Ml5BMl5BanBnXkFtZTgwMjczMTI1NTE@._V1_UY209_CR740140209_AL_.jpg ,  Soumitra Chatterjee , Soumitra Chatterjee was born on January 19 1935 in Krishnanagar Bengal Presidency British India as Soumitra Chattapadhaya. He is an actor known for Apur Sansar (1959) Aranyer Din Ratri (1970) and Podokkhep (2006) , https://en.m.wikipedia.org/wiki/Soumitra_Chatterjee
https://m.media-amazon.com/images/M/MV5BMTU4NTAzNTIxMl5BMl5BanBnXkFtZTcwMjkyNzg5Nw@@._V1_UX140_CR00140209_AL_.jpg ,  Saeed Jaffrey , Saeed Jaffrey was born in Maler Kotla Punjab India. He was born on the 8th of January 1929 , https://en.m.wikipedia.org/wiki/Saeed_Jaffrey
https://m.media-amazon.com/images/M/MV5BMmI2Nzk4NWQtOTAxNi00ZTIxLTljNDktZDJlZDQ2NDRiODJjXkEyXkFqcGdeQXVyMjYwMDk5NjE@._V1_UY209_CR170140209_AL_.jpg ,  Shivaji Ganesan , Tamil superstar from a poor family in Tamil Nadu India. His father worked on the railways , https://en.m.wikipedia.org/wiki/Shivaji_Ganesan
https://m.media-amazon.com/images/M/MV5BMTg4Njc5MzUzNF5BMl5BanBnXkFtZTgwOTYzMTI1NTE@._V1_UY209_CR740140209_AL_.jpg ,  Sharmila Tagore , A Bengali actress who achieved success young Sharmila appeared in numerous Bengali classics before making the jump to Hindi cinema which first made her a romantic actress and later a legendary actress thanks to her intense films opposite Superstar Rajesh Khanna. A distant relative of poet , https://en.m.wikipedia.org/wiki/Sharmila_Tagore
https://m.media-amazon.com/images/M/MV5BNzc0NWJjMjQtM2VhOC00MDAxLWE5ZjItZTNlZDFkYjE1YjE0XkEyXkFqcGdeQXVyNDUzOTQ5MjY@._V1_UY209_CR330140209_AL_.jpg ,  Sheeba Chaddha , Sheeba Chaddha was born in 1972 in Delhi India. She is an actress known for Talaash (2012) Dil Se , https://en.m.wikipedia.org/wiki/Sheeba_Chaddha
https://m.media-amazon.com/images/M/MV5BMTQyMjg4Mzk2M15BMl5BanBnXkFtZTcwMjE0MTg2OA@@._V1_UY209_CR180140209_AL_.jpg ,  Sridevi , Sridevi was born on August 13 1963 in her father's hometown of Sivakasi Tamil Nadu India. Her mother was from Tirupati Andhra Pradesh , https://en.m.wikipedia.org/wiki/Sridevi
https://m.media-amazon.com/images/M/MV5BMjMwNTIxODg0OF5BMl5BanBnXkFtZTgwODg2NzM0OTE@._V1_UY209_CR70140209_AL_.jpg ,  Salman Khan , Born on December 27 1965 Salman Khan is the son of the legendary writer Salim Khan who penned many super-hits in the yesteryear's like Sholay (1975) Deewaar (1975) and Don (1978). Salman started his acting carrier in 1988 by doing a supporting role in the movie Biwi Ho To Aisi (1988) , https://en.m.wikipedia.org/wiki/Salman_Khan
https://m.media-amazon.com/images/M/MV5BMTYzMTczOTM2Ml5BMl5BanBnXkFtZTYwNzE4Mzgy._V1_UY209_CR190140209_AL_.jpg ,  Saurabh Shukla , Shukla's family left Gorakhpur for Delhi when he was two years old. After completing his schooling he graduated from Khalsa College Delhi , https://en.m.wikipedia.org/wiki/Saurabh_Shukla
https://m.media-amazon.com/images/M/MV5BNzU2NTgwNzY1OF5BMl5BanBnXkFtZTcwMjQxNzcxOA@@._V1_UY209_CR870140209_AL_.jpg ,  Sanjay Dutt , Sanjay Dutt son of Nargis and Sunil Dutt was first featured in Rocky (1981) the movie was a box office hit. Sanjay's personal life was exacerbated by drug problems and he later lost his wife Richa Sharma to cancer , https://en.m.wikipedia.org/wiki/Sanjay_Dutt
https://m.media-amazon.com/images/M/MV5BZmE5YTIwODYtMTA2OC00ZDg1LTk3NmItMGI1NzhjNTZiNjIyXkEyXkFqcGdeQXVyMTExNDQ2MTI@._V1_UY209_CR210140209_AL_.jpg ,  Sanjeev Kumar , Harihar Jariwala a. k , https://en.m.wikipedia.org/wiki/Sanjeev_Kumar
https://m.media-amazon.com/images/M/MV5BOWFjZGYxZDMtYTBhYy00YWVkLTk2NDUtMmE2NTAyM2Q0OTMyXkEyXkFqcGdeQXVyMjYwMDk5NjE@._V1_UY209_CR60140209_AL_.jpg ,  Sudeep , Sudeep is an Indian film actor director producer screenwriter playback singer anchor and cricketer who works primarily in Kannada cinema. He won the Filmfare Award for Best Actor - Kannada for three consecutive years for his films Huchcha (2001) Nandhi (2002) and Swathi Muthu (2003) , https://en.m.wikipedia.org/wiki/Sudeep
https://m.media-amazon.com/images/M/MV5BODUwMzUyNTUxMl5BMl5BanBnXkFtZTcwNDM2ODIyOA@@._V1_UY209_CR30140209_AL_.jpg ,  Sunil Shetty , Sunil Shetty made his debut in 1992 with Balwaan (1992) which was not a major hit. Yet his great acting skills got noticed , https://en.m.wikipedia.org/wiki/Sunil_Shetty
https://m.media-amazon.com/images/M/MV5BNjUyMTQyNDA2M15BMl5BanBnXkFtZTgwNDI4ODEzOTE@._V1_UX140_CR00140209_AL_.jpg ,  Tiger Shroff , Tiger Shroff was born on March 2 1990 in Mumbai India as Jai Hemant Shroff. He is an actor known for Heropanti (2014) A Flying Jatt (2016) and Baaghi (2016) , https://en.m.wikipedia.org/wiki/Tiger_Shroff
https://m.media-amazon.com/images/M/MV5BMjk1NDI0ZjEtMDMwOS00ZTY5LTk3NTEtODYxZWZlNTE4OTZmXkEyXkFqcGdeQXVyMTExNDQ2MTI@._V1_UY209_CR70140209_AL_.jpg ,  Tom Alter , Tom Alter the son and grandson of American Presbyterian missionaries who first came to India in 1916 grew up in north India in the towns of Rajpur and Mussoorie and studied at Woodstock School. It was while teaching at a school in Jagadhri Haryana in the early 1970s that Alter picked honed his , https://en.m.wikipedia.org/wiki/Tom_Alter
https://m.media-amazon.com/images/M/MV5BZjM4OWEyOWItNmU0Yy00MjQyLTkyNzYtOTQzNzA1ZTJmOTY0XkEyXkFqcGdeQXVyMTExNDQ2MTI@._V1_UY209_CR90140209_AL_.jpg ,  Tinnu Anand , Tinnu Anand is an Indian actor and director from Bollywood who is most known as the director of Amitabh Bachchan's movies including Kaalia (1981) Shahenshah (1988) Main Azaad Hoon (1989) and Major Saab (1998). He is the son of veteran writer Inder Raj Anand and uncle of director Siddharth Anand , https://en.m.wikipedia.org/wiki/Tinnu_Anand
https://m.media-amazon.com/images/M/MV5BMTU0ODQ2MjA5NF5BMl5BanBnXkFtZTYwMjczMjA0._V1_UY209_CR10140209_AL_.jpg ,  Tabu , Tabu is an Indian actress. She has mainly acted in Hindi films though she has also starred in Telugu Tamil Malayalam Marathi and Bengali-language films as well as one American film , https://en.m.wikipedia.org/wiki/Tabu
https://m.media-amazon.com/images/M/MV5BYzkzNGJjNGMtMTcyMy00YmQ5LTgwMmItNzk4MjBkZWJhMTg1XkEyXkFqcGdeQXVyNDUzOTQ5MjY@._V1_UY209_CR10140209_AL_.jpg ,  Upasna Singh , Upasna Singh was born on June 29 1975 in Kapurthala Punjab India. She is an actress known for Jatt & Juliet (2012) Disco Singh (2014) and Wattanaan Ton Door (2008) , https://en.m.wikipedia.org/wiki/Upasna_Singh
https://m.media-amazon.com/images/M/MV5BMDFiNjgzNGQtMmZkMy00NzNmLWE2MDItYzMzMWQ0ZmE3Yzg4XkEyXkFqcGdeQXVyNDUzOTQ5MjY@._V1_UY209_CR910140209_AL_.jpg ,  Utpal Dutt , Utpal Dutt was born on March 29 1929 in Barisal Bengal Presidency British India. He was an actor and director known for Gol Maal (1979) Bhuvan Shome (1969) and Baisakhi Megh (1981) , https://en.m.wikipedia.org/wiki/Utpal_Dutt
https://m.media-amazon.com/images/M/MV5BMjM0NTM3ODY4Ml5BMl5BanBnXkFtZTgwNTA4MDM0OTE@._V1_UY209_CR20140209_AL_.jpg ,  Varun Dhawan , Varun Dhawan was born on April 24 1987 in Mumbai Maharashtra India. He is an actor and assistant director known for Badlapur (2015) October (2018) and Humpty Sharma Ki Dulhania (2014) , https://en.m.wikipedia.org/wiki/Varun_Dhawan
https://m.media-amazon.com/images/M/MV5BMTkyNDE4OTA0MF5BMl5BanBnXkFtZTgwNjExMTE0OTE@._V1_UY209_CR920140209_AL_.jpg ,  Venkatesh Daggubati , Venkatesh Daggubati was born on December 13 1960 in Karamchedu Andhra Pradesh India as Daggupati Venkatesh. He is an actor known for Ganesh (1998) Guru (2017) and Aadavari Matalaku Ardhalu Verule (2007) , https://en.m.wikipedia.org/wiki/Venkatesh_Daggubati
https://m.media-amazon.com/images/M/MV5BOTc2ODgwODcxOF5BMl5BanBnXkFtZTgwNzM1MzYwMTE@._V1_UX140_CR00140209_AL_.jpg ,  Vijay Raaz , Vijay Raaz was born and raised in Delhi where he attended Kirori Mal College. While at college he was a part of the dramatic society The Players , https://en.m.wikipedia.org/wiki/Vijay_Raaz
https://m.media-amazon.com/images/M/MV5BMTgxODI1NTI2MV5BMl5BanBnXkFtZTgwODgxODYyNjE@._V1_UY209_CR860140209_AL_.jpg ,  Vinay Pathak , Vinay Pathak was born on July 12 1968 in Bhojpur District Bihar India. He is an actor and writer known for Bheja Fry (2007) Rab Ne Bana Di Jodi (2008) and My Name Is Khan (2010) , https://en.m.wikipedia.org/wiki/Vinay_Pathak
https://m.media-amazon.com/images/G/01/imdb/images/nopicture/medium/name-2135195744._CB466677935_.png ,  Vishal Malik , Vishal Malik born 12 March 1989 in New Delhi is an Indian Film Actor. He studied Acting from Whistling Woods International Institute under the Guidance of Shernaz Patel Heading the department and he developed his craft under the guidance of Jameel Khan Harmender Bhatia , https://en.m.wikipedia.org/wiki/Vishal_Malik
https://m.media-amazon.com/images/M/MV5BN2EyYjI5NmEtMDEwZC00ZGYwLWFjZWEtOWVkZjZjMDM0M2IyXkEyXkFqcGdeQXVyMTExNDQ2MTI@._V1_UY209_CR30140209_AL_.jpg ,  Vikram Gokhale , Vikram Gokhle (occasionally credited as Vikram Gokhle) is a well known Indian film television and stage actor notable for his roles in Marathi theatre and Hindi films and television. He is the son of another well known veteran Marathi theater and film actor Chandrakant Gokhle who acted in 68 , https://en.m.wikipedia.org/wiki/Vikram_Gokhale
https://m.media-amazon.com/images/M/MV5BMGNlOWMyNDUtMjYzZi00YmE2LThjNTItMjFiOTA3YzBkZjZmXkEyXkFqcGdeQXVyMTExNDQ2MTI@._V1_UY209_CR120140209_AL_.jpg ,  Vinod Khanna , At the start of his career he played supporting or villainous characters in films such as Purab Aur Paschim Sachaa Jhutha Aan Milo Sajna and Mastana in 1970 and in Mera Gaon Mera Desh Elaan and Aan Milo Sajna in 1971. He got his first break as the solo lead hero in the film Hum Tum Aur Woh ( , https://en.m.wikipedia.org/wiki/Vinod_Khanna
https://m.media-amazon.com/images/M/MV5BYWVjYzI1YzctOGJkYS00ZGM5LTg3OGItYmI5ZTIyMGI2ZGI3XkEyXkFqcGdeQXVyNDUzOTQ5MjY@._V1_UY209_CR140140209_AL_.jpg ,  Vyjayanthimala , Vyjayanthimala was born to actress and dancer Vasundhara Devi in a Tamil-speaking family in Chennai India on August 13 1936. At the age of 4 she got the rare chance of performing a dance before the Pope , https://en.m.wikipedia.org/wiki/Vyjayanthimala
https://m.media-amazon.com/images/M/MV5BNDI3Mjk2MjgzMl5BMl5BanBnXkFtZTcwODQwMjI1OQ@@._V1_UY209_CR20140209_AL_.jpg ,  Vidya Balan , Vidya was born in Palghat Kerala India. Her family consists of her dad P , https://en.m.wikipedia.org/wiki/Vidya_Balan
https://m.media-amazon.com/images/M/MV5BMTI4OWU4ZDktOGNlNC00NTBlLWJjNTctM2JmYzBhOGFhNWE4XkEyXkFqcGdeQXVyMTExNDQ2MTI@._V1_UY209_CR50140209_AL_.jpg ,  Vrajesh Hirjee , Vrajesh Hirjee was born on June 16 1971 in Bihar India. He is an actor and writer known for Kaho Naa , https://en.m.wikipedia.org/wiki/Vrajesh_Hirjee
https://m.media-amazon.com/images/M/MV5BMTQ4NzE2OTMyMl5BMl5BanBnXkFtZTcwOTc4MDEzMQ@@._V1_UY209_CR690140209_AL_.jpg ,  Waheeda Rehman , Waheeda was born in a Tamil and Urdu-speaking family in Chengalpattu-Tamil Nadu India. Her father was the District Magistrate which led him to be posted in several places , https://en.m.wikipedia.org/wiki/Waheeda_Rehman
https://m.media-amazon.com/images/M/MV5BMzczOGQwZDMtYWQxYi00NDZhLTlkNWYtMjVkMzhlODcyZmU4XkEyXkFqcGdeQXVyMTExNDQ2MTI@._V1_UY209_CR60140209_AL_.jpg ,  Yashpal Sharma , Yashpal Sharma was born on August 9 1970 in Hisar Haryana India. He is an actor and casting director known for Lagaan: Once Upon a Time in India (2001) Gangs of Wasseypur (2012) and Gangaajal (2003) , https://en.m.wikipedia.org/wiki/Yashpal_Sharma
https://m.media-amazon.com/images/M/MV5BMTg4NDcxNTQ0N15BMl5BanBnXkFtZTgwNTI3OTczOTE@._V1_UX140_CR00140209_AL_.jpg ,  Zeenat Aman ," Zeenat Aman was born to a Hindu mother and a Muslim father Amanullah who was one of the writers for the classic ""Mughal-e-Azam"" on November 19th 1951. Zeenat was an only child and her parents divorced when she was a little girl ", https://en.m.wikipedia.org/wiki/Zeenat_Aman
https://m.media-amazon.com/images/M/MV5BMzA0NDAzZjAtOTFhMi00N2RiLWIxOWUtMTBkY2U0YjI3ZDU2XkEyXkFqcGdeQXVyNDUzOTQ5MjY@._V1_UY209_CR320140209_AL_.jpg ,  Zohra Sehgal , Sahibzadi Zohra Begum Mumtaz-ullah Khan better known as Zohra Sehgal was born into a Sunni Muslim Rohilla Pathan family of Rampur Uttar Pradesh on 27th April 1912 in Rampur Uttar Pradesh India. However unlike most other children of traditional households Zohra Sehgal was a tomboy who , https://en.m.wikipedia.org/wiki/Zohra_Sehgal
https://m.media-amazon.com/images/M/MV5BNDZhNzNiY2UtYzRkOS00N2IzLWFmNDctZTNkNTVkODZkZjEwXkEyXkFqcGdeQXVyMTExNDQ2MTI@._V1_UY209_CR80140209_AL_.jpg ,  Zarina Wahab , Zarina Wahab is an actress known for My Name Is Khan (2010) Gharaonda (1977) and I Me aur Main (2013). She has been married to Aditya Pancholi since 1986 , https://en.m.wikipedia.org/wiki/Zarina_Wahab
